<?xml version='1.0' encoding='UTF-8'?>
<system creation-date="2021-04-23 22:03:02.123000" desc="" enable="False" id="EE6D90BA-42AC-4DDF-A2FC-A53F8F7EC79F" last-modified-date="" name="Controller_Rubik"><applications><application name="RobotWare" version="6.11.3004"><settings><system-xml path="C:\Users\levek\OneDrive\Documents\RobotStudio\Solutions\VRM_Rubik\Virtual Controllers\Controller_Rubik\system.xml" /><key-id path="C:\Users\levek\OneDrive\Documents\RobotStudio\Solutions\VRM_Rubik\Virtual Controllers\Controller_Rubik\INTERNAL\key.id" /><setting-file path="C:\Users\levek\OneDrive\Documents\RobotStudio\Solutions\VRM_Rubik\Virtual Controllers\Controller_Rubik\INTERNAL\controller.rsf" /></settings></application></applications></system>