<?xml version="1.0" encoding="iso-8859-1"?>
<Version>
  <Major>6</Major>
  <Minor>11</Minor>
  <Build>3004</Build>
  <Revision>03</Revision>
  <SubRevision>00</SubRevision>
  <BuildTag></BuildTag>
  <VersionName>6.11.03.00</VersionName>
  <RobAPICompatibilityRevision>0</RobAPICompatibilityRevision>
  <Title>RobotWare</Title>
  <Type>RobotWare</Type>
  <Description>Controller Software</Description>
  <Date>2021-02-09</Date>
  <MCTimeStamp>#13:15:45/Feb 09 2021#</MCTimeStamp>
</Version>